{"cameraMode":{"drawMode":0,"name":"Shaded","section":"Shading Mode"},"sceneLighting":true,"audioPlay":false,"sceneViewState":{"m_AlwaysRefresh":false,"showFog":true,"showSkybox":true,"showFlares":true,"showImageEffects":true,"showParticleSystems":true,"showVisualEffectGraphs":true,"m_FxEnabled":true},"in2DMode":false,"pivot":{"x":-1.7764934301376343,"y":11.32181453704834,"z":-20.467689514160158},"rotation":{"x":-0.2476620078086853,"y":-0.04938557371497154,"z":0.012641733512282372,"w":-0.9675050973892212},"size":0.307293176651001,"orthographic":false}